{"cameraMode":{"drawMode":0,"name":"Shaded","section":"Shading Mode"},"sceneLighting":true,"audioPlay":false,"sceneViewState":{"showFog":true,"showMaterialUpdate":true,"showSkybox":true,"showFlares":true,"showImageEffects":true,"showParticleSystems":true},"in2DMode":false,"pivot":{"x":-0.23143938183784486,"y":-0.025368332862854005,"z":8.384321212768555},"rotation":{"x":0.18917162716388703,"y":0.1987736076116562,"z":-0.03913204371929169,"w":0.9608210921287537},"size":3.868534803390503,"orthographic":false}